{
  "bunker_style": 0,
  "jigsaw": "true",
  "warehouse_loottable": "data modify block ~ ~-1 ~ LootTable set value \"minecraft:chests/stronghold_crossing\"",
  "warehouse_loottable_alt": "data modify block ~ ~-1 ~ LootTable set value \"minecraft:chests/stronghold_corridor\"",
  "warehouse_loottable_alt_chance": 0.5,
  "warehouse_loottable_2": "data modify block ~ ~-1 ~ LootTable set value \"minecraft:chests/stronghold_crossing\"",
  "warehouse_loottable_2_alt": "data modify block ~ ~-1 ~ LootTable set value \"minecraft:chests/stronghold_crossing\"",
  "warehouse_loottable_2_alt_chance": 0.5,
  "bedroom_loottable": "data modify block ~ ~-1 ~ LootTable set value \"minecraft:chests/village/village_butcher\"",
  "bedroom_loottable_alt": "data modify block ~ ~-1 ~ LootTable set value \"minecraft:chests/village/village_butcher\"",
  "bedroom_loottable_alt_chance": 0.5,
  "bedroom_loottable_2": "data modify block ~ ~-1 ~ LootTable set value \"minecraft:chests/village/village_butcher\"",
  "bedroom_loottable_2_alt": "data modify block ~ ~-1 ~ LootTable set value \"minecraft:chests/village/village_butcher\"",
  "bedroom_loottable_2_alt_chance": 0.5,
  "farm_loottable": "data modify block ~ ~-1 ~ LootTable set value \"minecraft:chests/stronghold_crossing\"",
  "farm_loottable_alt": "data modify block ~ ~-1 ~ LootTable set value \"minecraft:chests/village/village_plains_house\"",
  "farm_loottable_alt_chance": 0.5
}